"2024-04-29T14:39:47Z",,4117,"Provide an API to invoke a callback on job cancellation","https://github.com/Kotlin/kotlinx.coroutines/issues/4117","OPEN","enhancement"
"2024-04-23T08:00:20Z","2024-05-08T09:46:36Z",4113,"How to use Flows in an imperative mode?","https://github.com/Kotlin/kotlinx.coroutines/issues/4113","CLOSED","enhancement/question/flow"
"2024-04-16T15:18:27Z",,4103,"Flow multiplexing","https://github.com/Kotlin/kotlinx.coroutines/issues/4103","OPEN","enhancement/flow"
"2024-04-05T03:28:08Z",,4088,"Remove @ExperimentalCoroutinesApi from CancellableContinuation.resume(...)","https://github.com/Kotlin/kotlinx.coroutines/issues/4088","OPEN","enhancement"
"2024-04-02T11:48:43Z","2024-04-02T11:55:25Z",4083,"[CVE-2023-2976] Vulnerability - Recommended Guava version upgrade","https://github.com/Kotlin/kotlinx.coroutines/issues/4083","CLOSED","enhancement"
"2024-03-17T10:30:51Z","2024-03-18T09:44:31Z",4069,"Provide a method to group flow elements in a time window","https://github.com/Kotlin/kotlinx.coroutines/issues/4069","CLOSED","enhancement"
"2024-02-19T10:53:29Z",,4047,"Support `CoroutineName`, which is not propagated to child coroutines","https://github.com/Kotlin/kotlinx.coroutines/issues/4047","OPEN","enhancement/debug"
"2024-02-05T10:45:19Z","2024-02-05T10:47:58Z",4031,"Enum deserialization options","https://github.com/Kotlin/kotlinx.coroutines/issues/4031","CLOSED","enhancement"
"2024-01-25T13:46:09Z",,4023,"Ability to specify a limited dispatcher name","https://github.com/Kotlin/kotlinx.coroutines/issues/4023","OPEN","enhancement"
"2024-01-22T02:46:35Z","2024-02-21T07:12:25Z",4019,"about Flow<Flow<T>>.flattenMerge and stateflow.","https://github.com/Kotlin/kotlinx.coroutines/issues/4019","CLOSED","enhancement"
"2024-01-06T02:52:18Z",,4008,"Feature Request: add a hot flow abstraction that can be complete()d or error()ed from the emitter side","https://github.com/Kotlin/kotlinx.coroutines/issues/4008","OPEN","enhancement/flow"
"2023-12-22T19:25:13Z","2024-01-03T20:44:42Z",4003,"Parametrized flow builder","https://github.com/Kotlin/kotlinx.coroutines/issues/4003","CLOSED","enhancement"
"2023-12-21T21:25:40Z","2024-01-05T11:27:25Z",4001,"Adopt Renovatebot to help keep dependencies up-to-date","https://github.com/Kotlin/kotlinx.coroutines/issues/4001","CLOSED","enhancement"
"2023-12-21T12:00:15Z","2024-01-11T14:47:05Z",3997,"Expose effective dispatcher parallelism","https://github.com/Kotlin/kotlinx.coroutines/issues/3997","CLOSED","enhancement"
"2023-12-18T11:23:21Z",,3991,"Improve error handling for DispatchedTask being in invalid state: ","https://github.com/Kotlin/kotlinx.coroutines/issues/3991","OPEN","enhancement/docs/native"
"2023-12-08T16:55:48Z",,3978,"Public API to configure a default exception handler","https://github.com/Kotlin/kotlinx.coroutines/issues/3978","OPEN","enhancement/js"
"2023-12-07T09:00:13Z","2023-12-07T09:03:12Z",3975,"MutableStateFlow assignment operator overload","https://github.com/Kotlin/kotlinx.coroutines/issues/3975","CLOSED","enhancement"
"2023-11-12T09:32:31Z",,3938,"@FlowPreview on `DEFAULT_CONCURRENCY`","https://github.com/Kotlin/kotlinx.coroutines/issues/3938","OPEN","enhancement/flow"
"2023-11-06T15:04:16Z","2023-11-21T12:39:34Z",3929,"Add ""source"" button to API docs","https://github.com/Kotlin/kotlinx.coroutines/issues/3929","CLOSED","enhancement"
"2023-10-04T01:04:37Z",,3902,"Expose isNewCoroutine from CopyableThreadContextElement","https://github.com/Kotlin/kotlinx.coroutines/issues/3902","OPEN","enhancement"
"2023-09-20T19:55:31Z","2023-12-01T09:47:01Z",3895,"Provide a way to unset kotlinx.coroutines.DefaultDelay","https://github.com/Kotlin/kotlinx.coroutines/issues/3895","CLOSED","enhancement/android"
"2023-09-15T12:47:37Z",,3887,"Replace usages of DCLL with CLL in JobSupport and friends","https://github.com/Kotlin/kotlinx.coroutines/issues/3887","OPEN","enhancement"
"2023-09-15T12:43:41Z",,3886,"Remove concurrent doubly linked list from kotlinx.coroutines codebase","https://github.com/Kotlin/kotlinx.coroutines/issues/3886","OPEN","enhancement"
"2023-09-11T17:43:05Z",,3884,"Feature: Flow.conflate with custom callback for merging elements","https://github.com/Kotlin/kotlinx.coroutines/issues/3884","OPEN","enhancement/flow"
"2023-08-28T13:24:43Z",,3864,"Stabilize CoroutineDispatcher.limitedParallelism","https://github.com/Kotlin/kotlinx.coroutines/issues/3864","OPEN","enhancement"
"2023-08-23T12:59:51Z","2023-08-28T15:36:01Z",3861,"Adding GitHub workflows","https://github.com/Kotlin/kotlinx.coroutines/issues/3861","CLOSED","enhancement"
"2023-08-23T12:39:42Z","2023-08-28T13:55:55Z",3859,"runBlocking for JS platform","https://github.com/Kotlin/kotlinx.coroutines/issues/3859","CLOSED","enhancement/js"
"2023-08-11T10:28:01Z",,3845,"Add a .throttle(Duration) Flow extension that prevents short burst of emission in a time frame","https://github.com/Kotlin/kotlinx.coroutines/issues/3845","OPEN","enhancement"
"2023-08-07T22:05:51Z",,3839,"Support coroutine priorities","https://github.com/Kotlin/kotlinx.coroutines/issues/3839","OPEN","enhancement"
"2023-08-01T00:48:51Z",,3833,"Flow Replicate Operator","https://github.com/Kotlin/kotlinx.coroutines/issues/3833","OPEN","enhancement/flow"
"2023-07-18T17:40:01Z","2023-12-01T18:15:21Z",3812,"Update toolchain and compiler to kotlin 1.9","https://github.com/Kotlin/kotlinx.coroutines/issues/3812","CLOSED","enhancement/for 1.8"
"2023-07-13T06:39:19Z",,3806,"Feature Request: Introduce scanNotNull Function to Flow Extension","https://github.com/Kotlin/kotlinx.coroutines/issues/3806","OPEN","enhancement/flow"
"2023-07-04T12:33:22Z","2023-12-01T18:15:25Z",3800,"The first invocation of mockk exceeds the `runTest` default timeout","https://github.com/Kotlin/kotlinx.coroutines/issues/3800","CLOSED","enhancement/test"
"2023-06-19T17:24:47Z","2023-06-29T12:27:05Z",3782,"Ignore coroutines-based sequence and iterator builders in coroutine debugger","https://github.com/Kotlin/kotlinx.coroutines/issues/3782","CLOSED","enhancement/performance/debug"
"2023-06-09T12:49:03Z",,3775,"Combine several flows declaratively","https://github.com/Kotlin/kotlinx.coroutines/issues/3775","OPEN","enhancement/flow"
"2023-06-02T15:16:12Z","2023-09-14T16:32:40Z",3772,"Get rid of legacy JS backend in our build process","https://github.com/Kotlin/kotlinx.coroutines/issues/3772","CLOSED","enhancement/for 1.8"
"2023-06-01T16:50:18Z",,3770,"Gradually introduce SubclassOptInRequired into our codebase","https://github.com/Kotlin/kotlinx.coroutines/issues/3770","OPEN","enhancement/for 1.8"
"2023-05-23T22:53:00Z","2024-01-18T17:10:23Z",3759,"Add an overload of SharingStarted.WhileSubscribed taking kotlin.time.Duration values instead of Long","https://github.com/Kotlin/kotlinx.coroutines/issues/3759","CLOSED","enhancement/flow-sharing"
"2023-05-23T13:20:23Z",,3758,"Guidance on custom implementations of coroutine dispatchers, and usage of `Delay`","https://github.com/Kotlin/kotlinx.coroutines/issues/3758","OPEN","enhancement/question"
"2023-05-15T11:43:32Z",,3755,"Support `onUndeliveredElement` in produce","https://github.com/Kotlin/kotlinx.coroutines/issues/3755","OPEN","enhancement"
"2023-05-11T14:07:04Z",,3749,"Tracking issue for stabilization of `UnconfinedTestDispatcher`","https://github.com/Kotlin/kotlinx.coroutines/issues/3749","OPEN","enhancement/test"
"2023-05-02T09:47:27Z",,3732,"Flow.scan can accept a suspending function for providing its initial value","https://github.com/Kotlin/kotlinx.coroutines/issues/3732","OPEN","enhancement/flow"
"2023-04-26T06:29:53Z","2023-04-26T10:49:27Z",3726,"A proposal for Await without copy Context.","https://github.com/Kotlin/kotlinx.coroutines/issues/3726","CLOSED","enhancement/reactive"
"2023-04-13T09:35:49Z","2023-12-01T18:15:26Z",3713,"Add support for Kotlin/Wasm","https://github.com/Kotlin/kotlinx.coroutines/issues/3713","CLOSED","enhancement/for 1.8"
"2023-03-14T14:20:08Z",,3681,"Undispatched `collectLatest`","https://github.com/Kotlin/kotlinx.coroutines/issues/3681","OPEN","enhancement"
"2023-03-14T12:12:35Z",,3680,"A function to repeat an operation indefintely with a fixed delay.","https://github.com/Kotlin/kotlinx.coroutines/issues/3680","OPEN","enhancement"
"2023-03-09T18:03:46Z",,3670,"Disallow `Job` passed as context to `withContext`/`launch`/`async`","https://github.com/Kotlin/kotlinx.coroutines/issues/3670","OPEN","enhancement/design/structured concurrency"
"2023-03-07T16:30:49Z","2024-04-12T14:23:06Z",3664,"A proposal for `awaitAny` and `joinAny`","https://github.com/Kotlin/kotlinx.coroutines/issues/3664","CLOSED","enhancement"
"2023-03-06T12:29:29Z",,3660,"Investigate potential starvation scenario in CoroutineScheduler","https://github.com/Kotlin/kotlinx.coroutines/issues/3660","OPEN","bug/enhancement"
"2023-03-02T17:30:50Z","2023-04-19T14:22:37Z",3652,"Avoid synchronized section in CoroutineScheduler during internal pool growth","https://github.com/Kotlin/kotlinx.coroutines/issues/3652","CLOSED","enhancement"
"2023-02-28T06:43:49Z","2023-06-29T10:01:53Z",3648,"Ability to set DebugProbes.enableCreationStackTraces using system property","https://github.com/Kotlin/kotlinx.coroutines/issues/3648","CLOSED","enhancement/waiting for clarification/debug"
"2023-02-27T16:02:20Z","2023-05-12T15:55:13Z",3646,"Investigate whether we still need BeforeResumeCancelHandler","https://github.com/Kotlin/kotlinx.coroutines/issues/3646","CLOSED","enhancement"
"2023-02-21T17:35:01Z",,3635,"Graceful degradation of spinlock-like implementations during internal errors or system malfunction","https://github.com/Kotlin/kotlinx.coroutines/issues/3635","OPEN","enhancement"
"2023-02-14T11:29:24Z",,3626,"Rethink, consolidate and document Mutex's owner contract","https://github.com/Kotlin/kotlinx.coroutines/issues/3626","OPEN","bug/enhancement/design"
"2023-01-31T19:54:23Z","2023-05-03T09:33:52Z",3611,"Feature request: allow stacktrace recovery in production","https://github.com/Kotlin/kotlinx.coroutines/issues/3611","CLOSED","enhancement/debug"
"2023-01-25T21:12:58Z","2023-03-09T13:02:57Z",3601,"Support watchosDeviceArm64","https://github.com/Kotlin/kotlinx.coroutines/issues/3601","CLOSED","enhancement"
"2023-01-25T10:05:40Z",,3598,"Adding combine(...) methods to combine 6-10 flows","https://github.com/Kotlin/kotlinx.coroutines/issues/3598","OPEN","enhancement/flow"
"2023-01-06T03:21:42Z","2023-01-10T06:28:12Z",3579,"Replace Dispatchers.IO ","https://github.com/Kotlin/kotlinx.coroutines/issues/3579","CLOSED","enhancement"
"2023-01-03T16:30:14Z","2024-04-09T08:51:10Z",3574,"Investigate possibilities to extend darwin's Dispatcher.Default with priorities/QOS classes","https://github.com/Kotlin/kotlinx.coroutines/issues/3574","CLOSED","enhancement/use-case needed/native"
"2022-12-29T02:57:02Z","2023-08-15T21:22:27Z",3563,"Support for `runInterruptible` in Kotlin/Native (POSIX) targets","https://github.com/Kotlin/kotlinx.coroutines/issues/3563","CLOSED","enhancement"
"2022-11-08T13:46:06Z",,3522,"Ability to obtain the current coroutine context in arbitrary code","https://github.com/Kotlin/kotlinx.coroutines/issues/3522","OPEN","enhancement"
"2022-10-27T21:04:05Z",,3505,"`invokeOnCompletion` doesn't provide thread guarantees and doesn't allow to suspend","https://github.com/Kotlin/kotlinx.coroutines/issues/3505","OPEN","enhancement"
"2022-09-28T11:20:52Z",,3467,"CloseableCoroutineDispatcher should not be a type alias of ExecutorCoroutineDispatcher on JVM","https://github.com/Kotlin/kotlinx.coroutines/issues/3467","OPEN","enhancement"
"2022-09-07T14:44:24Z","2023-03-09T13:02:46Z",3442,"Return UnlimitedIoScheduler instance for Dispatchers.IO.limitedParallelism(Int.MAX_VALUE)","https://github.com/Kotlin/kotlinx.coroutines/issues/3442","CLOSED","enhancement"
"2022-09-05T15:54:55Z","2023-03-09T13:03:00Z",3439,"Internal API to retreive a single CPU-bound task from Dispatchers.Default","https://github.com/Kotlin/kotlinx.coroutines/issues/3439","CLOSED","enhancement"
"2022-09-02T04:35:42Z","2023-03-09T13:02:38Z",3432,"First use of `awaitFrame()` awaits extra draw frame when used with Main dispatcher","https://github.com/Kotlin/kotlinx.coroutines/issues/3432","CLOSED","enhancement"
"2022-08-25T11:39:21Z",,3428,"Impossible to attach coroutine context to CompletableJob","https://github.com/Kotlin/kotlinx.coroutines/issues/3428","OPEN","enhancement"
"2022-08-25T11:26:02Z",,3426,"launch creates another child job","https://github.com/Kotlin/kotlinx.coroutines/issues/3426","OPEN","enhancement/structured concurrency"
"2022-08-25T10:57:44Z","2023-05-05T12:43:05Z",3425,"Add ability to create a child scope","https://github.com/Kotlin/kotlinx.coroutines/issues/3425","CLOSED","enhancement"
"2022-08-18T13:51:27Z",,3414,"withContext should copy CopyableThreadContextElement","https://github.com/Kotlin/kotlinx.coroutines/issues/3414","OPEN","enhancement/design"
"2022-08-18T12:59:32Z",,3412,"Add ability to listen for resumption/suspension via a context element","https://github.com/Kotlin/kotlinx.coroutines/issues/3412","OPEN","enhancement"
"2022-08-16T18:22:14Z",,3409,"Add ability to specify cancellation propagation strategy when creating a Job/Deferred","https://github.com/Kotlin/kotlinx.coroutines/issues/3409","OPEN","enhancement/structured concurrency"
"2022-06-18T15:27:24Z","2023-03-09T13:02:33Z",3328,"Coroutines Exceptions Violate Serializable Interface","https://github.com/Kotlin/kotlinx.coroutines/issues/3328","CLOSED","enhancement"
"2022-06-15T21:26:34Z",,3322,"scope with job in completing state can still launch new coroutines","https://github.com/Kotlin/kotlinx.coroutines/issues/3322","OPEN","enhancement/design"
"2022-06-02T10:22:52Z",,3308,"Properly delegate calls to original DebugProbes when installing a debugger","https://github.com/Kotlin/kotlinx.coroutines/issues/3308","OPEN","enhancement/debug"
"2022-05-23T14:31:48Z","2023-03-09T13:02:55Z",3300,"Consider deprecating or changing the behaviour of CoroutineContext.isActive","https://github.com/Kotlin/kotlinx.coroutines/issues/3300","CLOSED","enhancement/design/breaking change/for 1.7"
"2022-04-28T12:56:23Z","2023-03-09T13:02:42Z",3268,"Merge kotlinx-coroutines-core and kotlinx-coroutines-jdk8","https://github.com/Kotlin/kotlinx.coroutines/issues/3268","CLOSED","enhancement/for 1.7"
"2022-04-21T15:46:29Z","2022-04-25T09:27:40Z",3261,"Provide ability to customize isDispatchNeeded for ExecutorService#asCoroutineDispatcher","https://github.com/Kotlin/kotlinx.coroutines/issues/3261","CLOSED","enhancement"
"2022-04-19T18:00:16Z",,3259,"Investigate possible shortcuts for `coroutineContext.job.invokeOnCompletion { if (it != null) ... }`","https://github.com/Kotlin/kotlinx.coroutines/issues/3259","OPEN","enhancement"
"2022-04-13T15:44:12Z",,3253,"Consolidate coroutines machinery for ""regular"" code paths and code paths for continuations that do not use kotlinx.coroutines-based ContinuationInterceptor","https://github.com/Kotlin/kotlinx.coroutines/issues/3253","OPEN","enhancement"
"2022-04-01T09:13:38Z","2023-03-09T13:02:40Z",3231,"Support user-defined thread or dispatcher name","https://github.com/Kotlin/kotlinx.coroutines/issues/3231","CLOSED","enhancement"
"2022-03-13T17:04:46Z","2022-05-27T16:09:01Z",3218,"JPMS: coroutines-core-jvm uses package name kotlinx.coroutines.test","https://github.com/Kotlin/kotlinx.coroutines/issues/3218","CLOSED","enhancement/for 1.7"
"2022-03-09T09:26:16Z",,3216,"Consider providing CoroutineContext.dispatcher extension property","https://github.com/Kotlin/kotlinx.coroutines/issues/3216","OPEN","enhancement"
"2022-02-25T04:39:31Z","2023-03-09T13:02:55Z",3205,"`Dispatchers.IO` not available on Kotlin/Native","https://github.com/Kotlin/kotlinx.coroutines/issues/3205","CLOSED","enhancement/native"
"2022-02-22T06:45:51Z","2023-03-09T13:02:34Z",3201,"[DEBUG-IMPROVEMENT] expose `job.parentJob`","https://github.com/Kotlin/kotlinx.coroutines/issues/3201","CLOSED","enhancement/debug"
"2022-02-08T16:39:15Z","2022-04-06T09:37:13Z",3178,"Add priorities to Dispatcher Views API","https://github.com/Kotlin/kotlinx.coroutines/issues/3178","CLOSED","enhancement"
"2022-01-25T15:33:15Z","2022-02-24T09:43:12Z",3156,"Investigate low coverage percantage of integration modules","https://github.com/Kotlin/kotlinx.coroutines/issues/3156","CLOSED","enhancement"
"2022-01-12T08:42:15Z",,3134,"The CompletableDeferred having strange constructors","https://github.com/Kotlin/kotlinx.coroutines/issues/3134","OPEN","enhancement/design"
"2022-01-11T18:15:00Z",,3132,"Introduce whileSelectUnbiased convenience function","https://github.com/Kotlin/kotlinx.coroutines/issues/3132","OPEN","enhancement"
"2021-12-06T20:09:39Z",,3065,"Feature Request: invokeOnCompletion handler for suspendCancellableCoroutine","https://github.com/Kotlin/kotlinx.coroutines/issues/3065","OPEN","enhancement"
"2021-10-15T12:28:08Z","2021-11-22T11:30:26Z",2990,"Task<T>.await() schedules its continuation on the main thread","https://github.com/Kotlin/kotlinx.coroutines/issues/2990","CLOSED","enhancement"
"2021-10-11T15:02:58Z",,2972,"Default `delay` behavior on Android creates additional threads when using external dispatchers","https://github.com/Kotlin/kotlinx.coroutines/issues/2972","OPEN","enhancement/breaking change"
"2021-10-08T00:47:23Z","2021-12-08T00:10:18Z",2970,"[Play Services Integration] Add support for CancellableTask's progress listener.","https://github.com/Kotlin/kotlinx.coroutines/issues/2970","CLOSED","enhancement"
"2021-09-20T17:01:27Z","2021-11-22T11:30:25Z",2943,"Elastic Dispatchers.IO unbounded for limitedParallelism","https://github.com/Kotlin/kotlinx.coroutines/issues/2943","CLOSED","enhancement/For 1.6"
"2021-09-20T11:03:57Z","2021-11-22T11:30:24Z",2941,"Add a way to check library version at runtime","https://github.com/Kotlin/kotlinx.coroutines/issues/2941","CLOSED","enhancement/For 1.6"
"2021-09-13T14:59:47Z",,2932,"Support injection of default context elements","https://github.com/Kotlin/kotlinx.coroutines/issues/2932","OPEN","enhancement"
"2021-09-06T17:25:36Z","2021-11-22T11:30:25Z",2919,"Introduce `CoroutineDispatcher.limitedParallelism` as an alternative to standalone executors and slices","https://github.com/Kotlin/kotlinx.coroutines/issues/2919","CLOSED","enhancement/design/For 1.6"
"2021-08-27T09:10:47Z","2021-09-27T14:28:49Z",2905,"Add `Flow<T>?.orEmpty(): Flow<T>` operator","https://github.com/Kotlin/kotlinx.coroutines/issues/2905","CLOSED","enhancement/use-case needed/flow"
"2021-08-18T12:23:19Z",,2886,"[Proposal] Primitive or Channel that guarantees the delivery and processing of items","https://github.com/Kotlin/kotlinx.coroutines/issues/2886","OPEN","enhancement"
"2021-08-10T20:43:24Z",,2867,"Provide an API to race coroutines (""losers"" are cancelled)","https://github.com/Kotlin/kotlinx.coroutines/issues/2867","OPEN","enhancement/structured concurrency"
"2021-08-10T06:22:13Z","2021-11-22T11:30:26Z",2865,"Binary incompatibitlity between different kotlinx-coroutines modules","https://github.com/Kotlin/kotlinx.coroutines/issues/2865","CLOSED","enhancement/For 1.6"
"2021-07-22T12:52:13Z","2021-11-22T11:30:28Z",2839,"Provide facilities for non-threadsafe mutable coroutine context element","https://github.com/Kotlin/kotlinx.coroutines/issues/2839","CLOSED","enhancement"
"2021-07-16T22:53:14Z",,2834,"Integration for Google API future","https://github.com/Kotlin/kotlinx.coroutines/issues/2834","OPEN","enhancement"
"2021-06-15T14:14:53Z","2021-10-11T14:03:20Z",2766,"CoroutineScope.produce should support graceful termination.","https://github.com/Kotlin/kotlinx.coroutines/issues/2766","CLOSED","enhancement"
"2021-06-11T21:38:57Z",,2758,"Utility for creating child scopes","https://github.com/Kotlin/kotlinx.coroutines/issues/2758","OPEN","enhancement/structured concurrency"
"2021-06-02T13:03:00Z","2021-07-09T14:53:16Z",2740,"Old reactive-streams version in kotlinx-coroutines-reactive","https://github.com/Kotlin/kotlinx.coroutines/issues/2740","CLOSED","enhancement"
"2021-04-16T16:04:33Z",,2656,"Stabilize Deferred.getCompleted and related","https://github.com/Kotlin/kotlinx.coroutines/issues/2656","OPEN","enhancement"
"2021-04-10T12:28:14Z","2021-04-26T20:08:30Z",2641,"Add runningFold function to Flow","https://github.com/Kotlin/kotlinx.coroutines/issues/2641","CLOSED","enhancement/flow"
"2021-03-21T17:44:08Z",,2596,"make CoroutineId public","https://github.com/Kotlin/kotlinx.coroutines/issues/2596","OPEN","enhancement/debug"
"2021-03-01T15:42:50Z","2021-11-22T11:30:23Z",2558,"Provide an API to close Dispatchers.Default and Dispatchers.IO","https://github.com/Kotlin/kotlinx.coroutines/issues/2558","CLOSED","enhancement/For 1.6"
"2021-02-24T15:23:33Z",,2551,"Provide an API to check whether debug mode is enabled","https://github.com/Kotlin/kotlinx.coroutines/issues/2551","OPEN","enhancement/debug"
"2021-02-05T19:12:09Z","2021-07-09T14:53:17Z",2527,"Proposal: Add await for play-services integration for Task constructed with CancellationToken","https://github.com/Kotlin/kotlinx.coroutines/issues/2527","CLOSED","enhancement"
"2021-01-27T18:43:27Z","2021-11-22T11:30:26Z",2502,"Proposal: Provide inline overloads of terminal operators returning Nothing for SharedFlow","https://github.com/Kotlin/kotlinx.coroutines/issues/2502","CLOSED","enhancement/flow"
"2021-01-25T11:29:52Z","2021-09-27T13:25:01Z",2494,"Detect inconsistencies between module versions","https://github.com/Kotlin/kotlinx.coroutines/issues/2494","CLOSED","enhancement"
"2020-12-22T20:07:25Z","2021-11-22T11:30:32Z",2462,"flowOn seems not consistent over time","https://github.com/Kotlin/kotlinx.coroutines/issues/2462","CLOSED","enhancement/question/flow/test"
"2020-12-16T23:11:50Z",,2449,"Investigate providing an API to combine coroutine builders and mutexes for a single line","https://github.com/Kotlin/kotlinx.coroutines/issues/2449","OPEN","enhancement/use-case needed"
"2020-12-05T14:19:46Z","2021-03-03T12:06:26Z",2432,"Upgrade to reactor 3.4.0","https://github.com/Kotlin/kotlinx.coroutines/issues/2432","CLOSED","enhancement"
"2020-12-03T13:23:49Z",,2426,"Attach coroutine context to copied exceptions","https://github.com/Kotlin/kotlinx.coroutines/issues/2426","OPEN","enhancement/debug"
"2020-11-30T16:41:13Z","2020-12-01T15:47:47Z",2419,"4-parameter version of `combine` does not use `combineUnsafe` ","https://github.com/Kotlin/kotlinx.coroutines/issues/2419","CLOSED","enhancement"
"2020-11-25T20:15:31Z",,2409,"[guava] If ListenableFuture is cancelled, it should cancel entangled coroutine before executing the listeners","https://github.com/Kotlin/kotlinx.coroutines/issues/2409","OPEN","enhancement"
"2020-11-04T11:22:01Z",,2367,"Promote CopyableThrowable to stable","https://github.com/Kotlin/kotlinx.coroutines/issues/2367","OPEN","enhancement/debug"
"2020-10-08T10:34:03Z","2023-03-09T13:02:43Z",2291,"Get rid of backspace symbol in artificial stackframe for stacktrace recovery","https://github.com/Kotlin/kotlinx.coroutines/issues/2291","CLOSED","enhancement/debug/for 1.7"
"2020-09-17T10:37:40Z",,2251,"Proposal: Make JS promises created via `CoroutineScope.promise` cancellable","https://github.com/Kotlin/kotlinx.coroutines/issues/2251","OPEN","enhancement/js"
"2020-09-14T09:00:17Z","2021-04-26T20:08:31Z",2246,"Flow.last() operator","https://github.com/Kotlin/kotlinx.coroutines/issues/2246","CLOSED","enhancement/flow"
"2020-09-10T12:06:26Z","2023-03-09T13:02:54Z",2237,"Support the Java Module System","https://github.com/Kotlin/kotlinx.coroutines/issues/2237","CLOSED","enhancement"
"2020-08-24T12:20:40Z","2020-10-13T13:09:48Z",2213,"[Feature request] Add awaitCancellation()","https://github.com/Kotlin/kotlinx.coroutines/issues/2213","CLOSED","enhancement"
"2020-08-14T14:06:11Z","2021-05-21T11:47:58Z",2197,"CoroutinesTimeout replacement for JUnit 5","https://github.com/Kotlin/kotlinx.coroutines/issues/2197","CLOSED","enhancement"
"2020-08-12T20:51:18Z","2021-03-03T12:03:34Z",2195,"ThreadContextElements are not nested properly","https://github.com/Kotlin/kotlinx.coroutines/issues/2195","CLOSED","enhancement"
"2020-08-11T05:24:30Z","2020-10-26T08:52:44Z",2190,"BlockHound detects `kotlinx.coroutines.reactive.ReactiveFlowKt#<clinit>` during `Mono.awaitFirst()`","https://github.com/Kotlin/kotlinx.coroutines/issues/2190","CLOSED","enhancement"
"2020-07-22T10:36:18Z","2020-10-26T18:42:24Z",2159,"Coroutine equivalent of Thread.currentThread() requires a !! cast","https://github.com/Kotlin/kotlinx.coroutines/issues/2159","CLOSED","enhancement"
"2020-07-21T22:38:37Z","2023-02-23T19:29:21Z",2157,"Support for Mingw86","https://github.com/Kotlin/kotlinx.coroutines/issues/2157","CLOSED","enhancement/postponed"
"2020-07-10T07:56:01Z",,2130,"Deferred.awaitResult()","https://github.com/Kotlin/kotlinx.coroutines/issues/2130","OPEN","enhancement"
"2020-05-07T09:38:56Z",,1998,"Provide a way to enable stacktrace recovery in Android release build","https://github.com/Kotlin/kotlinx.coroutines/issues/1998","OPEN","enhancement/docs/debug"
"2020-05-06T17:27:18Z","2021-11-22T11:35:35Z",1996,"Multiplatform kotlinx-coroutines-test","https://github.com/Kotlin/kotlinx.coroutines/issues/1996","CLOSED","enhancement/test/For 1.6"
"2020-05-06T09:56:02Z","2020-10-13T13:09:49Z",1993,"Publisher.singleOrNull extension","https://github.com/Kotlin/kotlinx.coroutines/issues/1993","CLOSED","enhancement/up for grabs"
"2020-04-29T17:29:50Z","2020-05-08T17:49:52Z",1973,"Introduce StateFlow","https://github.com/Kotlin/kotlinx.coroutines/issues/1973","CLOSED","enhancement/flow"
"2020-04-24T02:06:07Z","2021-12-07T16:28:49Z",1948,"Dispatchers.Main.immediate have different behavior on Android and unit test","https://github.com/Kotlin/kotlinx.coroutines/issues/1948","CLOSED","enhancement"
"2020-03-31T07:38:43Z","2020-05-08T17:49:49Z",1890,"Flow.onEmpty/ifEmpty operators","https://github.com/Kotlin/kotlinx.coroutines/issues/1890","CLOSED","enhancement/flow"
"2020-03-26T06:36:52Z","2020-05-08T17:49:50Z",1883,"Support RxJava 3","https://github.com/Kotlin/kotlinx.coroutines/issues/1883","CLOSED","enhancement"
"2020-02-14T09:39:50Z","2020-03-06T12:12:59Z",1805,"Provide ability to query coroutine context for CoroutineDispatcher in a friendly manner","https://github.com/Kotlin/kotlinx.coroutines/issues/1805","CLOSED","enhancement"
"2020-02-10T09:27:38Z","2021-01-25T16:37:57Z",1791,"Extract core part of kotlinx-coroutines-debug into core module","https://github.com/Kotlin/kotlinx.coroutines/issues/1791","CLOSED","enhancement"
"2020-01-04T04:43:04Z",,1750,"How to window the fixed-size buffered items in Channel?","https://github.com/Kotlin/kotlinx.coroutines/issues/1750","OPEN","enhancement/flow"
"2019-11-05T14:06:36Z","2020-11-20T15:42:58Z",1645,"`delay` leads to crash from worker because of DefaultDelay ","https://github.com/Kotlin/kotlinx.coroutines/issues/1645","CLOSED","enhancement"
"2019-10-22T23:48:36Z","2019-12-13T12:47:13Z",1631,"recoverStackTrace breaks exception message","https://github.com/Kotlin/kotlinx.coroutines/issues/1631","CLOSED","enhancement"
"2019-10-22T10:10:50Z","2019-12-13T12:47:10Z",1625,"Provide meaningful stacktrace on cancellation","https://github.com/Kotlin/kotlinx.coroutines/issues/1625","CLOSED","enhancement"
"2019-10-10T15:21:57Z","2021-01-25T16:38:44Z",1608,"Stacktrace recovery mode which replaces exception stacktrace","https://github.com/Kotlin/kotlinx.coroutines/issues/1608","CLOSED","enhancement/question"
"2019-10-07T18:25:11Z","2019-12-13T12:47:09Z",1601,"java.util.Stream.consumeAsFlow() operator","https://github.com/Kotlin/kotlinx.coroutines/issues/1601","CLOSED","enhancement/flow"
"2019-10-01T18:01:13Z","2021-11-22T11:30:26Z",1589,"Consider dropping support for Java 6 in kotlinx.coroutines 1.4","https://github.com/Kotlin/kotlinx.coroutines/issues/1589","CLOSED","enhancement/breaking change/For 1.4"
"2019-10-01T11:10:37Z","2021-04-26T20:08:31Z",1587,"Add await() extension on Rector Mono type","https://github.com/Kotlin/kotlinx.coroutines/issues/1587","CLOSED","enhancement/reactive"
"2019-09-25T21:06:11Z","2019-12-13T12:47:08Z",1574,"Deep JVM stack on return from scope after suspension","https://github.com/Kotlin/kotlinx.coroutines/issues/1574","CLOSED","enhancement"
"2019-09-18T18:49:02Z","2019-09-18T19:02:35Z",1552,"Have kotlinx-coroutines-guava depend on listenablefuture instead of guava artifact","https://github.com/Kotlin/kotlinx.coroutines/issues/1552","CLOSED","enhancement"
"2019-09-17T13:00:03Z",,1545,"Unstarted lazy job prevents parent from completion","https://github.com/Kotlin/kotlinx.coroutines/issues/1545","OPEN","enhancement/design/structured concurrency"
"2019-09-17T12:44:28Z",,1543,"CoroutinesTimeout non-coroutines jobs dump","https://github.com/Kotlin/kotlinx.coroutines/issues/1543","OPEN","enhancement/help wanted/debug"
"2019-09-03T14:00:15Z",,1499,"Time-related methods shall support experimental Kotlin Clock/Duration","https://github.com/Kotlin/kotlinx.coroutines/issues/1499","OPEN","enhancement"
"2019-08-29T23:00:47Z","2020-03-06T12:01:56Z",1490,"Convert `ReceiveChannel<T>` to `Flow<T>` without consuming","https://github.com/Kotlin/kotlinx.coroutines/issues/1490","CLOSED","enhancement/flow"
"2019-08-28T17:36:36Z",,1485,"When creating a new job, it should be easier (default) to create child instead of a new root job","https://github.com/Kotlin/kotlinx.coroutines/issues/1485","OPEN","enhancement/structured concurrency"
"2019-08-26T22:00:52Z","2019-12-13T12:47:11Z",1474,"Android: await frame","https://github.com/Kotlin/kotlinx.coroutines/issues/1474","CLOSED","enhancement/android"
"2019-08-25T13:25:27Z","2021-12-07T16:48:19Z",1471,"Verify that every public symbol is used from test source set","https://github.com/Kotlin/kotlinx.coroutines/issues/1471","CLOSED","enhancement"
"2019-08-22T08:14:07Z","2019-08-22T08:29:59Z",1459,"Support for ReadWriteLock coroutines alterantive","https://github.com/Kotlin/kotlinx.coroutines/issues/1459","CLOSED","enhancement"
"2019-08-20T01:29:13Z","2019-08-23T12:46:00Z",1450,"Convert `CoroutineContext` into `Executor`","https://github.com/Kotlin/kotlinx.coroutines/issues/1450","CLOSED","enhancement"
"2019-08-12T15:52:16Z","2021-03-03T12:03:32Z",1437,"Take into account synthetic declarations when sanitizing a stacktrace","https://github.com/Kotlin/kotlinx.coroutines/issues/1437","CLOSED","enhancement"
"2019-08-07T11:45:13Z","2019-08-09T18:18:00Z",1416,"Stacktrace recovery works incorrectly when Android minifier is enabled","https://github.com/Kotlin/kotlinx.coroutines/issues/1416","CLOSED","enhancement/android"
"2019-08-04T08:30:21Z",,1406,"Generalize coroutineScope/supervisorScope with user-specified strategy","https://github.com/Kotlin/kotlinx.coroutines/issues/1406","OPEN","enhancement/design/structured concurrency"
"2019-08-03T18:10:37Z","2019-08-09T18:17:58Z",1405,"Remove no longer needed excludes","https://github.com/Kotlin/kotlinx.coroutines/issues/1405","CLOSED","enhancement"
"2019-08-01T20:48:30Z","2020-03-17T15:17:31Z",1402,"kotlin.time.Duration overloads for delay in common","https://github.com/Kotlin/kotlinx.coroutines/issues/1402","CLOSED","enhancement"
"2019-07-30T19:40:36Z",,1397,"runblocking causes unintuitive deadlock with specified dispatcher","https://github.com/Kotlin/kotlinx.coroutines/issues/1397","OPEN","enhancement"
"2019-07-29T14:07:52Z","2021-03-03T12:03:33Z",1393,"Promote CoroutineStart.UNDISPATCHED to non experimental API","https://github.com/Kotlin/kotlinx.coroutines/issues/1393","CLOSED","enhancement"
"2019-07-25T14:28:17Z",,1382,"Mutual exclusion for resource","https://github.com/Kotlin/kotlinx.coroutines/issues/1382","OPEN","enhancement/design"
"2019-07-25T08:22:41Z","2020-03-17T15:17:30Z",1379,"Make coroutines debugging, specifically coroutines dumping, ready for production","https://github.com/Kotlin/kotlinx.coroutines/issues/1379","CLOSED","enhancement"
"2019-07-24T12:00:52Z",,1374,"Replace TimeoutCancellationException with TimeoutException","https://github.com/Kotlin/kotlinx.coroutines/issues/1374","OPEN","enhancement/design/breaking change"
"2019-07-24T10:12:54Z","2020-03-17T15:17:31Z",1372,"Provide a mode for DebugProbes that does not capture creation stacktrace","https://github.com/Kotlin/kotlinx.coroutines/issues/1372","CLOSED","enhancement"
"2019-07-21T00:10:15Z",,1360,"Coroutine scheduler monitoring","https://github.com/Kotlin/kotlinx.coroutines/issues/1360","OPEN","enhancement/debug"
"2019-07-15T13:23:01Z","2019-07-19T15:43:42Z",1338,"Consider CoroutineScope.cancel(String, Throwable?)","https://github.com/Kotlin/kotlinx.coroutines/issues/1338","CLOSED","enhancement"
"2019-07-05T09:09:06Z","2023-01-05T16:02:40Z",1322,"Autogenerate source files with current version and check it during Main dispatcher initialization","https://github.com/Kotlin/kotlinx.coroutines/issues/1322","CLOSED","enhancement/android"
"2019-06-21T10:43:49Z","2019-12-13T12:47:14Z",1286,"Android Thread handling issue","https://github.com/Kotlin/kotlinx.coroutines/issues/1286","CLOSED","enhancement"
"2019-06-10T01:04:27Z","2022-09-13T10:30:21Z",1264,"Circular exception with async/await in coroutineScope","https://github.com/Kotlin/kotlinx.coroutines/issues/1264","CLOSED","enhancement/question"
"2019-06-06T13:14:26Z","2021-12-20T09:09:56Z",1257,"Add a contract to coroutineScope, withContext and operator fun invoke for CoroutineDispatcher","https://github.com/Kotlin/kotlinx.coroutines/issues/1257","CLOSED","enhancement"
"2019-05-27T15:59:52Z","2019-06-06T21:02:25Z",1225,"Kotlin/Native runBlocking & delay cause high CPU usage","https://github.com/Kotlin/kotlinx.coroutines/issues/1225","CLOSED","enhancement"
"2019-05-17T00:23:03Z","2021-11-22T11:30:28Z",1203,"Add extension functions for modifying a List<DelayController>","https://github.com/Kotlin/kotlinx.coroutines/issues/1203","CLOSED","enhancement/use-case needed/test"
"2019-05-13T11:40:42Z","2019-06-06T21:02:23Z",1184,"`CoroutinesTimeout.seconds` not composeable with `TimeUnit.***.toSeconds(time)`","https://github.com/Kotlin/kotlinx.coroutines/issues/1184","CLOSED","enhancement"
"2019-04-17T17:11:19Z","2019-07-19T15:50:21Z",1110,"Create Maven BOM for kotlinx coroutines","https://github.com/Kotlin/kotlinx.coroutines/issues/1110","CLOSED","enhancement"
"2019-04-16T13:53:01Z","2019-04-26T08:31:16Z",1104,"Introduce CompletableJob.asCompletableFuture","https://github.com/Kotlin/kotlinx.coroutines/issues/1104","CLOSED","enhancement"
"2019-04-15T06:51:47Z",,1097,"Add way to de-duplicate function calls","https://github.com/Kotlin/kotlinx.coroutines/issues/1097","OPEN","enhancement"
"2019-04-12T12:57:56Z","2019-06-06T21:02:28Z",1088,"Semaphore","https://github.com/Kotlin/kotlinx.coroutines/issues/1088","CLOSED","enhancement"
"2019-04-09T14:30:50Z","2019-06-06T21:02:27Z",1078,"Add first { â€¦ } terminal operator to Flow","https://github.com/Kotlin/kotlinx.coroutines/issues/1078","CLOSED","enhancement/flow"
"2019-03-29T13:02:59Z",,1063,"Proposal: introduce repeatWhileActive top level suspend function","https://github.com/Kotlin/kotlinx.coroutines/issues/1063","OPEN","enhancement/design"
"2019-03-27T10:25:23Z","2020-03-17T15:17:32Z",1060,"Do not use shaded version of byte buddy when real one is present in the classpath ","https://github.com/Kotlin/kotlinx.coroutines/issues/1060","CLOSED","enhancement"
"2019-03-14T13:20:14Z","2019-04-12T18:23:40Z",1044,"Proper handling of closable resources after #896","https://github.com/Kotlin/kotlinx.coroutines/issues/1044","CLOSED","enhancement/design"
"2019-03-14T08:31:51Z","2019-12-13T13:24:43Z",1042,"Extend channel API to have parity with FluxSink","https://github.com/Kotlin/kotlinx.coroutines/issues/1042","CLOSED","enhancement/flow"
"2019-03-07T14:17:10Z","2020-03-17T15:17:32Z",1031,"Investigate possibility to integrate debug module with BlockHound","https://github.com/Kotlin/kotlinx.coroutines/issues/1031","CLOSED","enhancement"
"2019-03-06T13:48:57Z","2019-03-26T17:50:38Z",1028,"Provide safety mechanisms for working with thread-locals","https://github.com/Kotlin/kotlinx.coroutines/issues/1028","CLOSED","enhancement"
"2019-03-01T16:01:23Z",,1022,"Need way to use parallel decomposition of list without saturating dispatcher queue","https://github.com/Kotlin/kotlinx.coroutines/issues/1022","OPEN","enhancement"
"2019-02-25T20:22:38Z","2019-03-26T17:50:36Z",1007,"Structured concurrency for Completable/Listenable futures","https://github.com/Kotlin/kotlinx.coroutines/issues/1007","CLOSED","enhancement/breaking change"
"2019-02-20T15:27:33Z",,1001,"Structured concurrency with two parent jobs","https://github.com/Kotlin/kotlinx.coroutines/issues/1001","OPEN","enhancement/design/structured concurrency"
"2019-02-19T10:13:19Z","2019-03-26T17:50:35Z",997,"Capture real stacktrace of active coroutines in debug agent","https://github.com/Kotlin/kotlinx.coroutines/issues/997","CLOSED","enhancement"
"2019-02-12T12:18:22Z",,982,"Test module shall provide ability to replace Dispatchers.IO and Dispatchers.Default","https://github.com/Kotlin/kotlinx.coroutines/issues/982","OPEN","enhancement/test"
"2019-02-07T08:55:31Z","2019-03-26T17:50:36Z",975,"Complete removal of deprecated Job.cancel(cause)","https://github.com/Kotlin/kotlinx.coroutines/issues/975","CLOSED","enhancement"
"2019-02-07T08:42:22Z","2021-04-26T20:08:28Z",974,"SendChannel.offer should never throw","https://github.com/Kotlin/kotlinx.coroutines/issues/974","CLOSED","enhancement/channels/For 1.4"
"2019-02-06T15:28:47Z","2019-03-29T08:45:01Z",972,"Promote `Dispatchers.Unconfined` and `MainCoroutineDispatcher.immediate` to stable API","https://github.com/Kotlin/kotlinx.coroutines/issues/972","CLOSED","enhancement"
"2019-02-04T17:20:35Z","2022-04-04T15:48:56Z",968,"Allow converting CoroutineDispatcher to RxJava scheduler","https://github.com/Kotlin/kotlinx.coroutines/issues/968","CLOSED","enhancement/reactive"
"2019-01-31T13:40:32Z","2019-03-26T17:50:37Z",963,"Add checkCancelled() extension for Job / CoroutineContext / CoroutineScope","https://github.com/Kotlin/kotlinx.coroutines/issues/963","CLOSED","enhancement"
"2019-01-31T12:56:18Z","2019-03-26T17:50:36Z",962,"withContext from inside a cancelled coroutine should not be executed","https://github.com/Kotlin/kotlinx.coroutines/issues/962","CLOSED","enhancement/breaking change"
"2019-01-28T16:45:49Z","2019-06-06T21:02:21Z",957,"ClosedSendChannelException still confusing","https://github.com/Kotlin/kotlinx.coroutines/issues/957","CLOSED","enhancement/breaking change"
"2019-01-28T13:57:04Z","2020-04-20T14:53:14Z",956,"Drop a deprecated version of ReceiveChannel.cancel","https://github.com/Kotlin/kotlinx.coroutines/issues/956","CLOSED","enhancement"
"2019-01-22T14:49:49Z","2019-03-26T17:50:37Z",950,"Useless exception when offering to actor with cancelled parent","https://github.com/Kotlin/kotlinx.coroutines/issues/950","CLOSED","enhancement"
"2019-01-22T11:32:57Z","2021-06-11T17:28:58Z",949,"Investigate aspectj integration for debug probes","https://github.com/Kotlin/kotlinx.coroutines/issues/949","CLOSED","enhancement"
"2019-01-21T15:18:35Z","2021-01-27T08:03:00Z",948,"Make debug module Android-compatible","https://github.com/Kotlin/kotlinx.coroutines/issues/948","CLOSED","enhancement"
"2019-01-16T12:56:14Z","2019-03-26T17:50:35Z",938,"JUnit rule for debug probes","https://github.com/Kotlin/kotlinx.coroutines/issues/938","CLOSED","enhancement"
"2018-12-18T10:40:44Z",,902,"Support natural batching in flow","https://github.com/Kotlin/kotlinx.coroutines/issues/902","OPEN","enhancement/flow"
"2018-12-18T09:09:29Z","2018-12-21T16:04:43Z",901,"Prevent second racy resume in CancellableContinuation","https://github.com/Kotlin/kotlinx.coroutines/issues/901","CLOSED","enhancement"
"2018-11-30T19:38:01Z","2019-03-26T17:50:37Z",868,"Time.kt uses Duration.toMillis in unsafe manner","https://github.com/Kotlin/kotlinx.coroutines/issues/868","CLOSED","enhancement"
"2018-11-27T07:56:24Z","2018-12-21T16:04:43Z",860,"Integrate event loops of runBlocking and UNCONFINED","https://github.com/Kotlin/kotlinx.coroutines/issues/860","CLOSED","enhancement"
"2018-11-22T14:40:31Z","2023-03-09T13:02:58Z",855,"Coroutines are not built for arm ( targets linuxArm32Hfp and others) ","https://github.com/Kotlin/kotlinx.coroutines/issues/855","CLOSED","enhancement/native"
"2018-11-20T16:43:27Z",,845,"start argument for produce.","https://github.com/Kotlin/kotlinx.coroutines/issues/845","OPEN","enhancement/design"
"2018-11-16T08:32:52Z","2019-12-13T12:47:14Z",840,"Dispatchers.Default consumes too much CPU in the face of short bursts of work","https://github.com/Kotlin/kotlinx.coroutines/issues/840","CLOSED","enhancement"
"2018-11-15T17:43:23Z",,839,"CoroutineExceptionHandler is invoked from a random thread","https://github.com/Kotlin/kotlinx.coroutines/issues/839","OPEN","enhancement/design"
"2018-11-14T09:40:09Z","2018-12-21T12:54:45Z",833,"Improve debuggability of repeated resumeWithException invocations","https://github.com/Kotlin/kotlinx.coroutines/issues/833","CLOSED","enhancement"
"2018-11-14T08:54:11Z","2018-12-18T20:20:27Z",830,"Introduce API to avoid cancel/fail races with CancellableContinuation ","https://github.com/Kotlin/kotlinx.coroutines/issues/830","CLOSED","enhancement/design"
"2018-11-13T21:47:19Z","2018-12-18T20:20:25Z",829,"Provide MainScope factory","https://github.com/Kotlin/kotlinx.coroutines/issues/829","CLOSED","enhancement"
"2018-11-13T21:40:16Z","2021-11-14T13:27:52Z",828,"Extensions on CoroutineScope to improve its mental model","https://github.com/Kotlin/kotlinx.coroutines/issues/828","CLOSED","enhancement"
"2018-11-13T07:58:12Z","2018-11-27T12:03:51Z",825,"Kotlin compiler plugin to recover minimal stack trace of launch site","https://github.com/Kotlin/kotlinx.coroutines/issues/825","CLOSED","enhancement"
"2018-11-12T20:14:12Z","2019-03-26T17:50:38Z",822,"Throwing exceptions inside coroutines generates warnings on Android 9 devices","https://github.com/Kotlin/kotlinx.coroutines/issues/822","CLOSED","enhancement/help wanted"
"2018-11-12T14:45:15Z","2019-06-28T16:17:10Z",820,"Use Promise.resolve().then(...) to schedule coroutines by default for all platforms (including node.js) with fallback to setTimeout","https://github.com/Kotlin/kotlinx.coroutines/issues/820","CLOSED","enhancement/js"
"2018-11-09T10:16:04Z","2020-04-21T12:11:19Z",815,"kotlinx.coroutines.channels.LazyBroadcastCoroutine cannot be cast to kotlinx.coroutines.channels.ConflatedBroadcastChannel","https://github.com/Kotlin/kotlinx.coroutines/issues/815","CLOSED","enhancement"
"2018-11-08T12:42:18Z","2023-03-09T13:02:57Z",812,"Support androidNative target","https://github.com/Kotlin/kotlinx.coroutines/issues/812","CLOSED","enhancement/postponed"
"2018-11-07T13:19:59Z","2019-03-26T17:50:37Z",808,"Global handler for fatal errors in coroutine machinery","https://github.com/Kotlin/kotlinx.coroutines/issues/808","CLOSED","enhancement"
"2018-11-01T17:23:34Z","2019-03-26T17:50:36Z",785,"withContext doesn't check for cancellation before running the block","https://github.com/Kotlin/kotlinx.coroutines/issues/785","CLOSED","enhancement"
"2018-10-30T12:54:16Z","2018-12-18T20:20:25Z",772,"Introduce internal API to print coroutines hierarchy","https://github.com/Kotlin/kotlinx.coroutines/issues/772","CLOSED","enhancement"
"2018-10-30T08:13:19Z","2022-09-13T10:35:55Z",770,"Implement runBlocking on top of iOS event queue","https://github.com/Kotlin/kotlinx.coroutines/issues/770","CLOSED","enhancement/native"
"2018-10-22T13:56:49Z","2018-12-18T20:20:26Z",746,"Introduce API to inject main dispatcher","https://github.com/Kotlin/kotlinx.coroutines/issues/746","CLOSED","enhancement"
"2018-10-22T09:09:22Z","2019-02-27T14:51:13Z",742,"producer shortcut for collections","https://github.com/Kotlin/kotlinx.coroutines/issues/742","CLOSED","enhancement"
"2018-10-19T20:22:15Z","2018-10-29T15:27:25Z",737,"Yield support in unconfined and immediate dispatchers","https://github.com/Kotlin/kotlinx.coroutines/issues/737","CLOSED","enhancement"
"2018-10-19T16:12:55Z","2019-12-13T13:19:48Z",736,"Support BroadcastChannel(Channel.UNLIMITED)","https://github.com/Kotlin/kotlinx.coroutines/issues/736","CLOSED","enhancement/postponed"
"2018-10-19T06:47:55Z",,730,"Provide from debugging info in Actor and Producer toString","https://github.com/Kotlin/kotlinx.coroutines/issues/730","OPEN","enhancement/debug"
"2018-10-16T13:49:00Z","2018-11-08T08:44:18Z",712,"CancellableContinuation doesn't ignore resumeWithException","https://github.com/Kotlin/kotlinx.coroutines/issues/712","CLOSED","enhancement/docs"
"2018-10-15T10:22:19Z","2018-10-19T20:04:49Z",704,"Rework Dispatchers.Unconfined to use thread-local event loop","https://github.com/Kotlin/kotlinx.coroutines/issues/704","CLOSED","enhancement/design/breaking change"
"2018-10-09T10:58:49Z","2020-04-20T14:28:34Z",688,"Children factories as extensions on CoroutineScope","https://github.com/Kotlin/kotlinx.coroutines/issues/688","CLOSED","enhancement"
"2018-10-08T10:19:03Z","2018-10-19T20:04:49Z",679,"Continuation.toDebugString should use debug metadata where possible","https://github.com/Kotlin/kotlinx.coroutines/issues/679","CLOSED","enhancement"
"2018-10-07T05:27:42Z","2018-10-19T20:04:48Z",673,"Need Instructions For Using Gradle Kotlin Plugin","https://github.com/Kotlin/kotlinx.coroutines/issues/673","CLOSED","enhancement/up for grabs"
"2018-10-02T12:48:05Z","2019-06-06T21:02:22Z",648,"Make Dokka task independent on accessibility of external API","https://github.com/Kotlin/kotlinx.coroutines/issues/648","CLOSED","enhancement"
"2018-09-24T11:26:33Z","2019-03-26T17:50:34Z",607,"CompletableJob","https://github.com/Kotlin/kotlinx.coroutines/issues/607","CLOSED","enhancement"
"2018-09-21T13:52:12Z","2018-09-25T20:27:46Z",594,"Job should become an abstract class","https://github.com/Kotlin/kotlinx.coroutines/issues/594","CLOSED","enhancement/for 1.0 release"
"2018-09-18T12:38:23Z","2018-09-26T16:17:41Z",580,"HandlerDispatcher name","https://github.com/Kotlin/kotlinx.coroutines/issues/580","CLOSED","enhancement"
"2018-09-17T17:01:54Z","2018-09-28T16:31:33Z",576,"Scope for ""one-for-one"" supervision (children don't crash parent and siblings)","https://github.com/Kotlin/kotlinx.coroutines/issues/576","CLOSED","enhancement"
"2018-09-17T12:53:41Z","2019-02-27T14:58:13Z",574,"Print registered handler in CancellableContinuation.toString","https://github.com/Kotlin/kotlinx.coroutines/issues/574","CLOSED","enhancement"
"2018-09-16T08:32:29Z","2018-12-07T20:02:13Z",568,"Test helper to use Dispatchers.Main without framework dependencies on JVM","https://github.com/Kotlin/kotlinx.coroutines/issues/568","CLOSED","enhancement/waiting for clarification"
"2018-09-12T01:38:42Z","2022-04-04T15:48:56Z",548,"Way to use a CoroutineDispatcher as a RxJava Scheduler","https://github.com/Kotlin/kotlinx.coroutines/issues/548","CLOSED","enhancement/reactive"
"2018-09-10T13:09:43Z","2019-05-14T16:24:01Z",541,"Integrate TestCoroutineContext with structured concurrency","https://github.com/Kotlin/kotlinx.coroutines/issues/541","CLOSED","enhancement"
"2018-09-09T15:25:13Z",,540,"Integrate ticker channels into structured concurrency and flows","https://github.com/Kotlin/kotlinx.coroutines/issues/540","OPEN","enhancement/flow/flow-timer"
"2018-09-07T09:03:34Z","2019-09-25T15:04:11Z",534,"Provide high-performance and reusable CancellableContinuation implementation","https://github.com/Kotlin/kotlinx.coroutines/issues/534","CLOSED","enhancement"
"2018-08-24T19:56:36Z","2018-09-26T16:17:41Z",515,"Future.await doesn't propagate cancelation signal to future","https://github.com/Kotlin/kotlinx.coroutines/issues/515","CLOSED","enhancement/design"
"2018-08-14T13:54:29Z","2021-11-23T13:54:48Z",494,"Coroutines tracer","https://github.com/Kotlin/kotlinx.coroutines/issues/494","CLOSED","enhancement"
"2018-08-14T09:57:26Z","2018-12-18T20:20:24Z",493,"Basic stacktrace augmentation","https://github.com/Kotlin/kotlinx.coroutines/issues/493","CLOSED","enhancement"
"2018-08-07T12:25:15Z","2018-10-19T20:04:49Z",481,"Deprecate and remove Job.cancel(cause)","https://github.com/Kotlin/kotlinx.coroutines/issues/481","CLOSED","enhancement/help wanted/breaking change"
"2018-08-03T13:52:19Z","2018-08-23T15:35:29Z",475,"Allow to create view with limited threads count(Experimental dispatcher).","https://github.com/Kotlin/kotlinx.coroutines/issues/475","CLOSED","enhancement"
"2018-07-31T20:19:46Z","2021-11-23T13:55:41Z",470,"Default dispatcher and UI dispatcher support for iOS","https://github.com/Kotlin/kotlinx.coroutines/issues/470","CLOSED","enhancement"
"2018-07-27T08:14:00Z","2021-12-22T12:57:55Z",462,"Support multi-threaded coroutines on Kotlin/Native","https://github.com/Kotlin/kotlinx.coroutines/issues/462","CLOSED","enhancement/native"
"2018-07-26T17:40:14Z",,460,"Implement suspendable RateLimiter","https://github.com/Kotlin/kotlinx.coroutines/issues/460","OPEN","enhancement"
"2018-07-24T08:47:26Z","2018-08-23T15:42:03Z",452,"Deferred.await() should be exception transparent","https://github.com/Kotlin/kotlinx.coroutines/issues/452","CLOSED","enhancement/breaking change"
"2018-07-19T19:04:09Z","2018-07-26T17:49:35Z",443,"Cannot build from sources with a JDK 10","https://github.com/Kotlin/kotlinx.coroutines/issues/443","CLOSED","enhancement"
"2018-07-16T19:30:38Z","2019-07-03T15:45:14Z",437,"Missing Flow operators","https://github.com/Kotlin/kotlinx.coroutines/issues/437","CLOSED","enhancement/flow"
"2018-07-08T18:31:27Z","2021-09-07T15:45:38Z",429,"use-like extensions on ReceiveChannel and SendChannel","https://github.com/Kotlin/kotlinx.coroutines/issues/429","CLOSED","enhancement/question"
"2018-07-08T18:00:35Z","2019-04-06T09:33:41Z",428,"Weird proposal: operator invoke extension on context","https://github.com/Kotlin/kotlinx.coroutines/issues/428","CLOSED","enhancement"
"2018-06-27T10:39:17Z","2018-09-12T07:49:58Z",410,"Change default for global vs child coroutines by scoping coroutine builder (structured concurrency)","https://github.com/Kotlin/kotlinx.coroutines/issues/410","CLOSED","enhancement/design/for 1.0 release"
"2018-06-14T10:17:03Z","2019-02-27T14:48:16Z",399,"Consider rewriting Job state machine using lock","https://github.com/Kotlin/kotlinx.coroutines/issues/399","CLOSED","enhancement/postponed"
"2018-06-11T09:08:07Z","2020-05-08T17:49:53Z",395,"Make ConflatedBroadcastChannel allocation-free","https://github.com/Kotlin/kotlinx.coroutines/issues/395","CLOSED","enhancement"
"2018-06-08T11:00:05Z",,387,"Improve ticker channels: make them cross-platform and compatible with test context","https://github.com/Kotlin/kotlinx.coroutines/issues/387","OPEN","enhancement"
"2018-06-06T13:09:43Z","2018-08-23T15:35:29Z",385,"consider exposing the Executor from a CoroutineDispatcher.","https://github.com/Kotlin/kotlinx.coroutines/issues/385","CLOSED","enhancement"
"2018-06-03T19:05:39Z","2018-07-26T17:49:35Z",381,"Android UI dispatcher and isDispatchNeeded","https://github.com/Kotlin/kotlinx.coroutines/issues/381","CLOSED","enhancement"
"2018-05-31T14:55:06Z","2018-06-05T16:06:09Z",376,"Investigate possibility to implement runBlocking on Node.js using async_hooks","https://github.com/Kotlin/kotlinx.coroutines/issues/376","CLOSED","enhancement/up for grabs"
"2018-05-30T06:31:10Z","2018-06-08T13:36:46Z",375,"CompletionStage.await shall unwrap CompletionException","https://github.com/Kotlin/kotlinx.coroutines/issues/375","CLOSED","enhancement"
"2018-05-15T14:09:45Z","2020-05-07T13:36:10Z",360,"Proposal: work with grpc-java team to provide binding layer and code generator for grpc-java","https://github.com/Kotlin/kotlinx.coroutines/issues/360","CLOSED","enhancement"
"2018-04-27T07:59:23Z","2018-09-26T16:17:42Z",347,"rxSingle, rxObservable nullity","https://github.com/Kotlin/kotlinx.coroutines/issues/347","CLOSED","enhancement/up for grabs"
"2018-04-21T16:42:28Z","2018-06-08T13:36:46Z",343,"CommonPool should be configurable to have a minimum number of threads","https://github.com/Kotlin/kotlinx.coroutines/issues/343","CLOSED","enhancement"
"2018-04-20T08:37:08Z","2018-07-26T17:49:35Z",341,"Provide Channel.invokeOnClose { ... } function","https://github.com/Kotlin/kotlinx.coroutines/issues/341","CLOSED","enhancement"
"2018-04-17T09:57:24Z","2018-08-23T15:35:28Z",333,"Inconsistent cancellation and lost exceptions","https://github.com/Kotlin/kotlinx.coroutines/issues/333","CLOSED","bug/enhancement/design/for 1.0 release"
"2018-04-14T16:20:17Z","2021-04-26T20:08:28Z",330,"Implement receiveOrClosed for channels and select clause","https://github.com/Kotlin/kotlinx.coroutines/issues/330","CLOSED","enhancement/channels"
"2018-04-13T21:35:48Z","2020-04-20T14:24:58Z",329,"Add activation/inactivation tracking for broadcast channel","https://github.com/Kotlin/kotlinx.coroutines/issues/329","CLOSED","enhancement/design"
"2018-04-13T21:29:47Z","2019-07-30T05:48:48Z",328,"launchConsumeEach terminal operator (name needed)","https://github.com/Kotlin/kotlinx.coroutines/issues/328","CLOSED","enhancement/design"
"2018-04-13T16:17:18Z","2018-06-08T13:36:47Z",327,"Provide analogue of Observable.timer for channels","https://github.com/Kotlin/kotlinx.coroutines/issues/327","CLOSED","enhancement"
"2018-04-11T17:52:59Z","2019-04-13T13:04:05Z",325,"Split `close(cause...)` into two interfaces","https://github.com/Kotlin/kotlinx.coroutines/issues/325","CLOSED","enhancement"
"2018-04-11T03:25:57Z","2018-04-12T04:41:19Z",321,"how to create new forkjoinpool context like CommonPool","https://github.com/Kotlin/kotlinx.coroutines/issues/321","CLOSED","enhancement"
"2018-04-10T11:56:21Z","2019-02-22T16:05:18Z",318,"What's in a name? {Receive,Send}Channel","https://github.com/Kotlin/kotlinx.coroutines/issues/318","CLOSED","enhancement/question"
"2018-04-10T08:30:54Z","2018-06-08T13:36:44Z",316,"Better way to set CoroutineContext#DEBUG value","https://github.com/Kotlin/kotlinx.coroutines/issues/316","CLOSED","enhancement"
"2018-04-09T08:43:19Z","2020-04-20T14:26:19Z",314,"Android example app need to be split into template and result","https://github.com/Kotlin/kotlinx.coroutines/issues/314","CLOSED","enhancement"
"2018-04-07T14:19:40Z","2019-02-27T14:41:58Z",312,"Creating DAGs with channels - proposing transforms and pipes","https://github.com/Kotlin/kotlinx.coroutines/issues/312","CLOSED","enhancement"
"2018-04-03T08:31:53Z","2018-06-08T13:36:44Z",310,"Methods with timeout should not crash on negative time","https://github.com/Kotlin/kotlinx.coroutines/issues/310","CLOSED","enhancement"
"2018-03-20T08:04:08Z","2018-07-25T09:53:22Z",293,"Consider changing default capacity of actor's mailbox","https://github.com/Kotlin/kotlinx.coroutines/issues/293","CLOSED","enhancement/wontfix/performance"
"2018-03-15T13:47:50Z","2019-12-13T13:18:34Z",289,"Define awaitCancel helper function to produce callback-induced streams","https://github.com/Kotlin/kotlinx.coroutines/issues/289","CLOSED","enhancement"
"2018-03-14T13:39:38Z",,286,"CoroutineStart.UNDISPATCHED may cause withContext to not perform thread switch","https://github.com/Kotlin/kotlinx.coroutines/issues/286","OPEN","enhancement"
"2018-03-14T11:12:17Z","2020-04-20T15:16:11Z",285,"Rewrite channel operators on top of abstraction of cold streams","https://github.com/Kotlin/kotlinx.coroutines/issues/285","CLOSED","enhancement"
"2018-03-13T14:27:28Z","2019-08-09T18:18:01Z",284,"Introduce interop between CoroutineContext and Reactor Context","https://github.com/Kotlin/kotlinx.coroutines/issues/284","CLOSED","enhancement"
"2018-03-13T11:06:13Z","2018-06-08T13:36:46Z",283,"Remove SubscriptionReceiveChannel","https://github.com/Kotlin/kotlinx.coroutines/issues/283","CLOSED","enhancement"
"2018-03-13T09:57:17Z","2021-12-07T16:49:20Z",282,"Channels need ability to specify ""disposing"" policy for their elements","https://github.com/Kotlin/kotlinx.coroutines/issues/282","CLOSED","enhancement/design"
"2018-03-12T11:25:43Z","2018-06-11T08:59:51Z",280,"Introduce broadcast() extension to turn ReceiveChannel into BroadcastChannel","https://github.com/Kotlin/kotlinx.coroutines/issues/280","CLOSED","enhancement"
"2018-03-12T08:04:38Z","2018-06-08T13:36:44Z",278,"Provide ExecutorService.asCoroutineDispatcher that returns a closeable dispatcher","https://github.com/Kotlin/kotlinx.coroutines/issues/278","CLOSED","enhancement/up for grabs"
"2018-02-27T20:08:24Z","2018-03-05T15:14:22Z",262,"How should Java provide us with a `Deferred<T>`","https://github.com/Kotlin/kotlinx.coroutines/issues/262","CLOSED","enhancement/up for grabs"
"2018-02-27T10:48:02Z","2021-09-06T17:26:05Z",261,"Sliceable dispatchers: Provide alternative to newSingle/FixedThreadPoolContext via a shared pool of threads ","https://github.com/Kotlin/kotlinx.coroutines/issues/261","CLOSED","enhancement/design"
"2018-02-27T09:14:41Z","2018-07-25T09:58:45Z",260,"Introduce job property for channels","https://github.com/Kotlin/kotlinx.coroutines/issues/260","CLOSED","enhancement"
"2018-02-26T13:27:09Z",,259,"Support mayInterruptIfRunning flag in CompletableFuture.await extension","https://github.com/Kotlin/kotlinx.coroutines/issues/259","OPEN","enhancement/use-case needed"
"2018-02-24T14:53:22Z","2019-04-07T12:36:44Z",257,"Free-form transform operation on ReceiveChannel","https://github.com/Kotlin/kotlinx.coroutines/issues/257","CLOSED","enhancement"
"2018-02-21T12:06:51Z","2019-04-13T12:57:54Z",254,"Provide abstraction for cold streams","https://github.com/Kotlin/kotlinx.coroutines/issues/254","CLOSED","enhancement"
"2018-02-15T17:24:43Z","2018-07-26T17:49:35Z",246,"Add Support for Kotlin/Native","https://github.com/Kotlin/kotlinx.coroutines/issues/246","CLOSED","enhancement"
"2018-02-15T13:12:33Z","2020-04-20T14:26:54Z",245,"ConflatedBroadcastChannel as ReadWriteProperty","https://github.com/Kotlin/kotlinx.coroutines/issues/245","CLOSED","enhancement"
"2018-02-14T12:10:20Z","2022-10-28T15:59:18Z",242,"EspressoIdlingResource integration","https://github.com/Kotlin/kotlinx.coroutines/issues/242","CLOSED","enhancement/up for grabs/android/test"
"2018-02-12T04:04:31Z","2018-02-24T20:10:20Z",238,"Feature - Priority Channel","https://github.com/Kotlin/kotlinx.coroutines/issues/238","CLOSED","enhancement/use-case needed"
"2018-02-07T20:02:15Z","2018-03-05T15:14:23Z",229,"JS: Upload kotlinx-coroutines-core-js library to npm","https://github.com/Kotlin/kotlinx.coroutines/issues/229","CLOSED","enhancement"
"2018-02-07T13:57:47Z","2021-09-27T13:57:54Z",228,"Lazy initialization of the parent job","https://github.com/Kotlin/kotlinx.coroutines/issues/228","CLOSED","enhancement"
"2018-02-06T18:08:16Z","2018-07-26T17:49:34Z",227,"Fail-fast when trying to do `runBlocking` from Android UI thread","https://github.com/Kotlin/kotlinx.coroutines/issues/227","CLOSED","enhancement"
"2018-02-06T08:54:51Z","2018-02-07T20:00:29Z",224,"Add `awaitFirstOrNull` to Rx integration modules","https://github.com/Kotlin/kotlinx.coroutines/issues/224","CLOSED","enhancement/up for grabs"
"2018-02-06T04:19:11Z","2019-04-13T13:05:25Z",223,"Common `Cancelable` interface?","https://github.com/Kotlin/kotlinx.coroutines/issues/223","CLOSED","enhancement/use-case needed"
"2018-02-06T04:07:43Z","2020-03-20T10:20:12Z",222,"Channels, Jobs, etc. should allow listeners to be set for reactive handling","https://github.com/Kotlin/kotlinx.coroutines/issues/222","CLOSED","enhancement"
"2018-02-05T18:02:42Z","2018-09-26T16:17:41Z",220,"Abolish distinction between cancelled and failed Job/Deferred","https://github.com/Kotlin/kotlinx.coroutines/issues/220","CLOSED","enhancement/for 1.0 release"
"2018-02-05T17:36:41Z","2018-06-08T13:36:45Z",219,"CancellableContinuation should not be a Job","https://github.com/Kotlin/kotlinx.coroutines/issues/219","CLOSED","enhancement"
"2018-01-29T08:40:50Z","2018-01-29T18:03:09Z",209,"Support runBlocking with arbitrary context","https://github.com/Kotlin/kotlinx.coroutines/issues/209","CLOSED","enhancement"
"2018-01-23T09:16:54Z","2018-01-29T18:03:10Z",208,"Uncaught exception may not appear on console when main is waiting for a job","https://github.com/Kotlin/kotlinx.coroutines/issues/208","CLOSED","enhancement"
"2018-01-09T22:32:07Z","2018-06-08T13:36:45Z",201,"MPP Channel","https://github.com/Kotlin/kotlinx.coroutines/issues/201","CLOSED","enhancement"
"2018-01-05T18:30:39Z","2018-09-28T16:31:34Z",198,"Using the sample code does not reproduce the problem","https://github.com/Kotlin/kotlinx.coroutines/issues/198","CLOSED","enhancement"
"2017-12-19T08:50:44Z","2017-12-28T15:11:26Z",190,"Optimize `runBlocking` and `EventLoop` implementations","https://github.com/Kotlin/kotlinx.coroutines/issues/190","CLOSED","enhancement"
"2017-12-12T07:00:15Z","2018-03-06T10:46:24Z",185,"Add debug information in Channels `toString` method","https://github.com/Kotlin/kotlinx.coroutines/issues/185","CLOSED","enhancement"
"2017-12-04T22:48:02Z","2019-12-13T13:16:00Z",180,"Problems with flatMap function on ReceiveChannel<T>","https://github.com/Kotlin/kotlinx.coroutines/issues/180","CLOSED","enhancement"
"2017-11-29T13:41:50Z",,172,"Support ""worker pool"" pattern in actor builder and other related operators","https://github.com/Kotlin/kotlinx.coroutines/issues/172","OPEN","enhancement"
"2017-11-29T10:25:51Z","2018-06-08T13:36:45Z",171,"Introduce awaitAll and joinAll extensions for collections for Deferreds/Jobs","https://github.com/Kotlin/kotlinx.coroutines/issues/171","CLOSED","enhancement"
"2017-11-28T09:40:24Z","2017-12-11T08:54:04Z",170,"Base class for actors and producers","https://github.com/Kotlin/kotlinx.coroutines/issues/170","CLOSED","enhancement"
"2017-11-28T09:38:49Z","2022-09-13T10:37:31Z",169,"Actor need to support termination message, stop accepting messages, discard, terminate","https://github.com/Kotlin/kotlinx.coroutines/issues/169","CLOSED","enhancement"
"2017-11-20T08:54:35Z","2019-05-20T11:54:54Z",167,"Fail-fast when trying to consume a channel multiple times","https://github.com/Kotlin/kotlinx.coroutines/issues/167","CLOSED","enhancement"
"2017-10-18T04:55:19Z","2017-12-04T11:41:59Z",148,"Coroutines do not log uncaught exceptions in Android","https://github.com/Kotlin/kotlinx.coroutines/issues/148","CLOSED","enhancement"
"2017-10-16T09:29:15Z","2020-03-26T10:04:44Z",145,"Update notification abstraction","https://github.com/Kotlin/kotlinx.coroutines/issues/145","CLOSED","enhancement"
"2017-09-14T12:07:23Z","2020-09-16T08:10:02Z",123,"Conditional receive on channel","https://github.com/Kotlin/kotlinx.coroutines/issues/123","CLOSED","enhancement"
"2017-09-08T07:02:55Z","2018-03-14T11:49:55Z",113,"Introduce single-producer, single-consumer channel abstraction","https://github.com/Kotlin/kotlinx.coroutines/issues/113","CLOSED","enhancement/postponed"
"2017-09-06T22:46:15Z","2023-09-15T03:23:31Z",111,"Channel possibly not acting fair","https://github.com/Kotlin/kotlinx.coroutines/issues/111","CLOSED","enhancement/question"
"2017-08-20T15:32:22Z","2018-05-14T14:06:15Z",104,"Pause a job","https://github.com/Kotlin/kotlinx.coroutines/issues/104","CLOSED","enhancement/question"
"2017-08-20T13:27:37Z","2018-05-14T10:13:11Z",102,"UI android context and Looper.getMainLooper() not mocked","https://github.com/Kotlin/kotlinx.coroutines/issues/102","CLOSED","enhancement"
"2017-07-31T07:04:51Z",,94,"Read-write Mutex","https://github.com/Kotlin/kotlinx.coroutines/issues/94","OPEN","enhancement"
"2017-07-22T05:55:39Z",,87,"Writing complex actors","https://github.com/Kotlin/kotlinx.coroutines/issues/87","OPEN","enhancement"
"2017-07-05T08:59:15Z","2018-08-23T15:35:29Z",79,"IO thread pool for blocking calls","https://github.com/Kotlin/kotlinx.coroutines/issues/79","CLOSED","enhancement/performance"
"2017-06-20T09:07:23Z",,76,"Serializability of coroutine classes","https://github.com/Kotlin/kotlinx.coroutines/issues/76","OPEN","enhancement"
"2017-06-19T13:00:02Z","2018-12-18T20:20:25Z",74,"Stack trace recovery","https://github.com/Kotlin/kotlinx.coroutines/issues/74","CLOSED","enhancement"
"2017-04-17T07:48:13Z","2020-04-23T08:55:50Z",57,"Support optional thread interrupt in newSingleThreadContext as its friends","https://github.com/Kotlin/kotlinx.coroutines/issues/57","CLOSED","enhancement"
"2017-03-01T13:48:07Z","2017-12-28T15:12:20Z",33,"JavaScript support","https://github.com/Kotlin/kotlinx.coroutines/issues/33","CLOSED","enhancement"
